<?xml version="1.0" encoding="UTF-8"?>
<PubmedArticle xmlns:xsi="http://www.w3.org/2001/XMLSchema-instance" xsi:noNamespaceSchemaLocation="practica2-5.xsd">
  <MedlineCitation Status="MEDLINE" Owner="NLM">
	<PMID Version="1">1</PMID>
	<DateCompleted>
  	<Year>1976</Year>
  	<Month>01</Month>
  	<Day>16</Day>
	</DateCompleted>
	<DateRevised>
  	<Year>2019</Year>
  	<Month>02</Month>
  	<Day>08</Day>
	</DateRevised>
	<Article PubModel="Print">
  	<Journal>
    	<ISSN IssnType="Print">0006-2944</ISSN>
    	<JournalIssue CitedMedium="Print">
      	<Volume>13</Volume>
      	<Issue>2</Issue>
      	<PubDate>
        	<Year>1975</Year>
        	<Month>Jun</Month>
      	</PubDate>
    	</JournalIssue>
    	<Title>Biochemical medicine</Title>
    	<ISOAbbreviation>Biochem Med</ISOAbbreviation>
  	</Journal>
  	<ArticleTitle>Formate assay in body fluids: application in methanol poisoning.</ArticleTitle>
  	<Pagination>
    	<MedlinePgn>117-26</MedlinePgn>
  	</Pagination>
  	<AuthorList CompleteYN="Y">
    	<Author ValidYN="Y">
      	<LastName>Makar</LastName>
      	<ForeName>A B</ForeName>
      	<Initials>AB</Initials>
    	</Author>
    	<Author ValidYN="Y">
      	<LastName>McMartin</LastName>
      	<ForeName>K E</ForeName>
      	<Initials>KE</Initials>
    	</Author>
    	<Author ValidYN="Y">
      	<LastName>Palese</LastName>
      	<ForeName>M</ForeName>
      	<Initials>M</Initials>
    	</Author>
    	<Author ValidYN="Y">
      	<LastName>Tephly</LastName>
      	<ForeName>T R</ForeName>
      	<Initials>TR</Initials>
    	</Author>
  	</AuthorList>
	</Article>
  </MedlineCitation>
</PubmedArticle>
